metric,x_label,x_value,accrual_months,total_n
binary_cure_flag,absolute_lift_pp,2.000,207.3819,
binary_cure_flag,absolute_lift_pp,2.082,191.4349,
binary_cure_flag,absolute_lift_pp,2.164,177.2603,
binary_cure_flag,absolute_lift_pp,2.245,164.6047,
binary_cure_flag,absolute_lift_pp,2.327,153.2586,
binary_cure_flag,absolute_lift_pp,2.409,143.0473,
binary_cure_flag,absolute_lift_pp,2.491,133.8242,
binary_cure_flag,absolute_lift_pp,2.572,125.4659,
binary_cure_flag,absolute_lift_pp,2.654,117.8675,
binary_cure_flag,absolute_lift_pp,2.736,110.9395,
binary_cure_flag,absolute_lift_pp,2.818,104.6052,
binary_cure_flag,absolute_lift_pp,2.899,98.7988,
binary_cure_flag,absolute_lift_pp,2.981,93.4631,
binary_cure_flag,absolute_lift_pp,3.063,88.5486,
binary_cure_flag,absolute_lift_pp,3.145,84.0120,
binary_cure_flag,absolute_lift_pp,3.226,79.8156,
binary_cure_flag,absolute_lift_pp,3.308,75.9261,
binary_cure_flag,absolute_lift_pp,3.390,72.3143,
binary_cure_flag,absolute_lift_pp,3.472,68.9545,
binary_cure_flag,absolute_lift_pp,3.553,65.8236,
binary_cure_flag,absolute_lift_pp,3.635,62.9013,
binary_cure_flag,absolute_lift_pp,3.717,60.1696,
binary_cure_flag,absolute_lift_pp,3.799,57.6121,
binary_cure_flag,absolute_lift_pp,3.881,55.2143,
binary_cure_flag,absolute_lift_pp,3.962,52.9633,
binary_cure_flag,absolute_lift_pp,4.044,50.8472,
binary_cure_flag,absolute_lift_pp,4.126,48.8556,
binary_cure_flag,absolute_lift_pp,4.208,46.9787,
binary_cure_flag,absolute_lift_pp,4.289,45.2080,
binary_cure_flag,absolute_lift_pp,4.371,43.5356,
binary_cure_flag,absolute_lift_pp,4.453,41.9544,
binary_cure_flag,absolute_lift_pp,4.535,40.4578,
binary_cure_flag,absolute_lift_pp,4.616,39.0398,
binary_cure_flag,absolute_lift_pp,4.698,37.6952,
binary_cure_flag,absolute_lift_pp,4.780,36.4188,
binary_cure_flag,absolute_lift_pp,4.862,35.2062,
binary_cure_flag,absolute_lift_pp,4.943,34.0532,
binary_cure_flag,absolute_lift_pp,5.025,32.9559,
binary_cure_flag,absolute_lift_pp,5.107,31.9108,
binary_cure_flag,absolute_lift_pp,5.189,30.9147,
binary_cure_flag,absolute_lift_pp,5.270,29.9644,
binary_cure_flag,absolute_lift_pp,5.352,29.0573,
binary_cure_flag,absolute_lift_pp,5.434,28.1908,
binary_cure_flag,absolute_lift_pp,5.516,27.3625,
binary_cure_flag,absolute_lift_pp,5.597,26.5701,
binary_cure_flag,absolute_lift_pp,5.679,25.8116,
binary_cure_flag,absolute_lift_pp,5.761,25.0851,
binary_cure_flag,absolute_lift_pp,5.843,24.3889,
binary_cure_flag,absolute_lift_pp,5.925,23.7212,
binary_cure_flag,absolute_lift_pp,6.006,23.0806,
binary_cure_flag,absolute_lift_pp,6.088,22.4655,
binary_cure_flag,absolute_lift_pp,6.170,21.8747,
binary_cure_flag,absolute_lift_pp,6.252,21.3069,
binary_cure_flag,absolute_lift_pp,6.333,20.7608,
binary_cure_flag,absolute_lift_pp,6.415,20.2355,
binary_cure_flag,absolute_lift_pp,6.497,19.7299,
binary_cure_flag,absolute_lift_pp,6.579,19.2429,
binary_cure_flag,absolute_lift_pp,6.660,18.7737,
binary_cure_flag,absolute_lift_pp,6.742,18.3215,
binary_cure_flag,absolute_lift_pp,6.824,17.8853,
binary_cure_flag,absolute_lift_pp,6.906,17.4646,
binary_cure_flag,absolute_lift_pp,6.987,17.0585,
binary_cure_flag,absolute_lift_pp,7.069,16.6663,
binary_cure_flag,absolute_lift_pp,7.151,16.2875,
binary_cure_flag,absolute_lift_pp,7.233,15.9215,
binary_cure_flag,absolute_lift_pp,7.314,15.5676,
binary_cure_flag,absolute_lift_pp,7.396,15.2254,
binary_cure_flag,absolute_lift_pp,7.478,14.8943,
binary_cure_flag,absolute_lift_pp,7.560,14.5739,
binary_cure_flag,absolute_lift_pp,7.642,14.2636,
binary_cure_flag,absolute_lift_pp,7.723,13.9632,
binary_cure_flag,absolute_lift_pp,7.805,13.6721,
binary_cure_flag,absolute_lift_pp,7.887,13.3900,
binary_cure_flag,absolute_lift_pp,7.969,13.1165,
binary_cure_flag,absolute_lift_pp,8.050,12.8513,
binary_cure_flag,absolute_lift_pp,8.132,12.5940,
binary_cure_flag,absolute_lift_pp,8.214,12.3443,
binary_cure_flag,absolute_lift_pp,8.296,12.1020,
binary_cure_flag,absolute_lift_pp,8.377,11.8667,
binary_cure_flag,absolute_lift_pp,8.459,11.6382,
binary_cure_flag,absolute_lift_pp,8.541,11.4162,
binary_cure_flag,absolute_lift_pp,8.623,11.2005,
binary_cure_flag,absolute_lift_pp,8.704,10.9907,
binary_cure_flag,absolute_lift_pp,8.786,10.7869,
binary_cure_flag,absolute_lift_pp,8.868,10.5886,
binary_cure_flag,absolute_lift_pp,8.950,10.3957,
binary_cure_flag,absolute_lift_pp,9.031,10.2080,
binary_cure_flag,absolute_lift_pp,9.113,10.0253,
binary_cure_flag,absolute_lift_pp,9.195,9.8474,
binary_cure_flag,absolute_lift_pp,9.277,9.6742,
binary_cure_flag,absolute_lift_pp,9.358,9.5055,
binary_cure_flag,absolute_lift_pp,9.440,9.3412,
binary_cure_flag,absolute_lift_pp,9.522,9.1811,
binary_cure_flag,absolute_lift_pp,9.604,9.0250,
binary_cure_flag,absolute_lift_pp,9.686,8.8729,
binary_cure_flag,absolute_lift_pp,9.767,8.7245,
binary_cure_flag,absolute_lift_pp,9.849,8.5798,
binary_cure_flag,absolute_lift_pp,9.931,8.4387,
binary_cure_flag,absolute_lift_pp,10.013,8.3010,
binary_cure_flag,absolute_lift_pp,10.094,8.1666,
binary_cure_flag,absolute_lift_pp,10.176,8.0354,
binary_cure_flag,absolute_lift_pp,10.258,7.9074,
binary_cure_flag,absolute_lift_pp,10.340,7.7823,
binary_cure_flag,absolute_lift_pp,10.421,7.6602,
binary_cure_flag,absolute_lift_pp,10.503,7.5409,
binary_cure_flag,absolute_lift_pp,10.585,7.4244,
binary_cure_flag,absolute_lift_pp,10.667,7.3105,
binary_cure_flag,absolute_lift_pp,10.748,7.1992,
binary_cure_flag,absolute_lift_pp,10.830,7.0904,
binary_cure_flag,absolute_lift_pp,10.912,6.9840,
binary_cure_flag,absolute_lift_pp,10.994,6.8800,
binary_cure_flag,absolute_lift_pp,11.075,6.7783,
binary_cure_flag,absolute_lift_pp,11.157,6.6788,
binary_cure_flag,absolute_lift_pp,11.239,6.5814,
binary_cure_flag,absolute_lift_pp,11.321,6.4861,
binary_cure_flag,absolute_lift_pp,11.403,6.3929,
binary_cure_flag,absolute_lift_pp,11.484,6.3017,
binary_cure_flag,absolute_lift_pp,11.566,6.2123,
binary_cure_flag,absolute_lift_pp,11.648,6.1249,
binary_cure_flag,absolute_lift_pp,11.730,6.0392,
binary_cure_flag,absolute_lift_pp,11.811,5.9553,
binary_cure_flag,absolute_lift_pp,11.893,5.8732,
binary_cure_flag,absolute_lift_pp,11.975,5.7927,
binary_cure_flag,absolute_lift_pp,12.057,5.7138,
binary_cure_flag,absolute_lift_pp,12.138,5.6365,
binary_cure_flag,absolute_lift_pp,12.220,5.5608,
binary_cure_flag,absolute_lift_pp,12.302,5.4865,
binary_cure_flag,absolute_lift_pp,12.384,5.4137,
binary_cure_flag,absolute_lift_pp,12.465,5.3424,
binary_cure_flag,absolute_lift_pp,12.547,5.2724,
binary_cure_flag,absolute_lift_pp,12.629,5.2037,
binary_cure_flag,absolute_lift_pp,12.711,5.1364,
binary_cure_flag,absolute_lift_pp,12.792,5.0704,
binary_cure_flag,absolute_lift_pp,12.874,5.0056,
binary_cure_flag,absolute_lift_pp,12.956,4.9420,
binary_cure_flag,absolute_lift_pp,13.038,4.8796,
binary_cure_flag,absolute_lift_pp,13.119,4.8184,
binary_cure_flag,absolute_lift_pp,13.201,4.7583,
binary_cure_flag,absolute_lift_pp,13.283,4.6993,
binary_cure_flag,absolute_lift_pp,13.365,4.6414,
binary_cure_flag,absolute_lift_pp,13.447,4.5845,
binary_cure_flag,absolute_lift_pp,13.528,4.5287,
binary_cure_flag,absolute_lift_pp,13.610,4.4738,
binary_cure_flag,absolute_lift_pp,13.692,4.4199,
binary_cure_flag,absolute_lift_pp,13.774,4.3670,
binary_cure_flag,absolute_lift_pp,13.855,4.3150,
binary_cure_flag,absolute_lift_pp,13.937,4.2639,
binary_cure_flag,absolute_lift_pp,14.019,4.2137,
binary_cure_flag,absolute_lift_pp,14.101,4.1644,
binary_cure_flag,absolute_lift_pp,14.182,4.1159,
binary_cure_flag,absolute_lift_pp,14.264,4.0682,
binary_cure_flag,absolute_lift_pp,14.346,4.0214,
binary_cure_flag,absolute_lift_pp,14.428,3.9753,
binary_cure_flag,absolute_lift_pp,14.509,3.9300,
binary_cure_flag,absolute_lift_pp,14.591,3.8855,
binary_cure_flag,absolute_lift_pp,14.673,3.8417,
binary_cure_flag,absolute_lift_pp,14.755,3.7986,
binary_cure_flag,absolute_lift_pp,14.836,3.7563,
binary_cure_flag,absolute_lift_pp,14.918,3.7146,
binary_cure_flag,absolute_lift_pp,15.000,3.6736,
continuous_recovery_ratio,cohens_d,0.1500,14.8646,
continuous_recovery_ratio,cohens_d,0.1541,14.0874,
continuous_recovery_ratio,cohens_d,0.1582,13.3697,
continuous_recovery_ratio,cohens_d,0.1623,12.7056,
continuous_recovery_ratio,cohens_d,0.1664,12.0898,
continuous_recovery_ratio,cohens_d,0.1704,11.5177,
continuous_recovery_ratio,cohens_d,0.1745,10.9854,
continuous_recovery_ratio,cohens_d,0.1786,10.4893,
continuous_recovery_ratio,cohens_d,0.1827,10.0260,
continuous_recovery_ratio,cohens_d,0.1868,9.5929,
continuous_recovery_ratio,cohens_d,0.1909,9.1872,
continuous_recovery_ratio,cohens_d,0.1950,8.8069,
continuous_recovery_ratio,cohens_d,0.1991,8.4497,
continuous_recovery_ratio,cohens_d,0.2031,8.1138,
continuous_recovery_ratio,cohens_d,0.2072,7.7977,
continuous_recovery_ratio,cohens_d,0.2113,7.4997,
continuous_recovery_ratio,cohens_d,0.2154,7.2185,
continuous_recovery_ratio,cohens_d,0.2195,6.9529,
continuous_recovery_ratio,cohens_d,0.2236,6.7017,
continuous_recovery_ratio,cohens_d,0.2277,6.4639,
continuous_recovery_ratio,cohens_d,0.2318,6.2386,
continuous_recovery_ratio,cohens_d,0.2358,6.0249,
continuous_recovery_ratio,cohens_d,0.2399,5.8221,
continuous_recovery_ratio,cohens_d,0.2440,5.6293,
continuous_recovery_ratio,cohens_d,0.2481,5.4460,
continuous_recovery_ratio,cohens_d,0.2522,5.2715,
continuous_recovery_ratio,cohens_d,0.2563,5.1054,
continuous_recovery_ratio,cohens_d,0.2604,4.9469,
continuous_recovery_ratio,cohens_d,0.2645,4.7958,
continuous_recovery_ratio,cohens_d,0.2686,4.6515,
continuous_recovery_ratio,cohens_d,0.2726,4.5137,
continuous_recovery_ratio,cohens_d,0.2767,4.3819,
continuous_recovery_ratio,cohens_d,0.2808,4.2559,
continuous_recovery_ratio,cohens_d,0.2849,4.1352,
continuous_recovery_ratio,cohens_d,0.2890,4.0196,
continuous_recovery_ratio,cohens_d,0.2931,3.9089,
continuous_recovery_ratio,cohens_d,0.2972,3.8026,
continuous_recovery_ratio,cohens_d,0.3013,3.7007,
continuous_recovery_ratio,cohens_d,0.3053,3.6028,
continuous_recovery_ratio,cohens_d,0.3094,3.5088,
continuous_recovery_ratio,cohens_d,0.3135,3.4184,
continuous_recovery_ratio,cohens_d,0.3176,3.3315,
continuous_recovery_ratio,cohens_d,0.3217,3.2479,
continuous_recovery_ratio,cohens_d,0.3258,3.1674,
continuous_recovery_ratio,cohens_d,0.3299,3.0899,
continuous_recovery_ratio,cohens_d,0.3340,3.0152,
continuous_recovery_ratio,cohens_d,0.3381,2.9432,
continuous_recovery_ratio,cohens_d,0.3421,2.8738,
continuous_recovery_ratio,cohens_d,0.3462,2.8068,
continuous_recovery_ratio,cohens_d,0.3503,2.7422,
continuous_recovery_ratio,cohens_d,0.3544,2.6798,
continuous_recovery_ratio,cohens_d,0.3585,2.6195,
continuous_recovery_ratio,cohens_d,0.3626,2.5612,
continuous_recovery_ratio,cohens_d,0.3667,2.5049,
continuous_recovery_ratio,cohens_d,0.3708,2.4504,
continuous_recovery_ratio,cohens_d,0.3748,2.3977,
continuous_recovery_ratio,cohens_d,0.3789,2.3467,
continuous_recovery_ratio,cohens_d,0.3830,2.2973,
continuous_recovery_ratio,cohens_d,0.3871,2.2494,
continuous_recovery_ratio,cohens_d,0.3912,2.2031,
continuous_recovery_ratio,cohens_d,0.3953,2.1582,
continuous_recovery_ratio,cohens_d,0.3994,2.1147,
continuous_recovery_ratio,cohens_d,0.4035,2.0725,
continuous_recovery_ratio,cohens_d,0.4075,2.0315,
continuous_recovery_ratio,cohens_d,0.4116,1.9918,
continuous_recovery_ratio,cohens_d,0.4157,1.9532,
continuous_recovery_ratio,cohens_d,0.4198,1.9157,
continuous_recovery_ratio,cohens_d,0.4239,1.8794,
continuous_recovery_ratio,cohens_d,0.4280,1.8440,
continuous_recovery_ratio,cohens_d,0.4321,1.8097,
continuous_recovery_ratio,cohens_d,0.4362,1.7763,
continuous_recovery_ratio,cohens_d,0.4403,1.7439,
continuous_recovery_ratio,cohens_d,0.4443,1.7123,
continuous_recovery_ratio,cohens_d,0.4484,1.6816,
continuous_recovery_ratio,cohens_d,0.4525,1.6517,
continuous_recovery_ratio,cohens_d,0.4566,1.6227,
continuous_recovery_ratio,cohens_d,0.4607,1.5944,
continuous_recovery_ratio,cohens_d,0.4648,1.5668,
continuous_recovery_ratio,cohens_d,0.4689,1.5400,
continuous_recovery_ratio,cohens_d,0.4730,1.5138,
continuous_recovery_ratio,cohens_d,0.4770,1.4884,
continuous_recovery_ratio,cohens_d,0.4811,1.4635,
continuous_recovery_ratio,cohens_d,0.4852,1.4393,
continuous_recovery_ratio,cohens_d,0.4893,1.4157,
continuous_recovery_ratio,cohens_d,0.4934,1.3927,
continuous_recovery_ratio,cohens_d,0.4975,1.3703,
continuous_recovery_ratio,cohens_d,0.5016,1.3484,
continuous_recovery_ratio,cohens_d,0.5057,1.3270,
continuous_recovery_ratio,cohens_d,0.5097,1.3061,
continuous_recovery_ratio,cohens_d,0.5138,1.2858,
continuous_recovery_ratio,cohens_d,0.5179,1.2659,
continuous_recovery_ratio,cohens_d,0.5220,1.2464,
continuous_recovery_ratio,cohens_d,0.5261,1.2275,
continuous_recovery_ratio,cohens_d,0.5302,1.2089,
continuous_recovery_ratio,cohens_d,0.5343,1.1908,
continuous_recovery_ratio,cohens_d,0.5384,1.1731,
continuous_recovery_ratio,cohens_d,0.5425,1.1558,
continuous_recovery_ratio,cohens_d,0.5465,1.1389,
continuous_recovery_ratio,cohens_d,0.5506,1.1224,
continuous_recovery_ratio,cohens_d,0.5547,1.1062,
continuous_recovery_ratio,cohens_d,0.5588,1.0904,
continuous_recovery_ratio,cohens_d,0.5629,1.0749,
continuous_recovery_ratio,cohens_d,0.5670,1.0598,
continuous_recovery_ratio,cohens_d,0.5711,1.0450,
continuous_recovery_ratio,cohens_d,0.5752,1.0305,
continuous_recovery_ratio,cohens_d,0.5792,1.0163,
continuous_recovery_ratio,cohens_d,0.5833,1.0024,
continuous_recovery_ratio,cohens_d,0.5874,0.9888,
continuous_recovery_ratio,cohens_d,0.5915,0.9754,
continuous_recovery_ratio,cohens_d,0.5956,0.9624,
continuous_recovery_ratio,cohens_d,0.5997,0.9496,
continuous_recovery_ratio,cohens_d,0.6038,0.9371,
continuous_recovery_ratio,cohens_d,0.6079,0.9248,
continuous_recovery_ratio,cohens_d,0.6119,0.9128,
continuous_recovery_ratio,cohens_d,0.6160,0.9010,
continuous_recovery_ratio,cohens_d,0.6201,0.8894,
continuous_recovery_ratio,cohens_d,0.6242,0.8781,
continuous_recovery_ratio,cohens_d,0.6283,0.8670,
continuous_recovery_ratio,cohens_d,0.6324,0.8561,
continuous_recovery_ratio,cohens_d,0.6365,0.8454,
continuous_recovery_ratio,cohens_d,0.6406,0.8349,
continuous_recovery_ratio,cohens_d,0.6447,0.8246,
continuous_recovery_ratio,cohens_d,0.6487,0.8145,
continuous_recovery_ratio,cohens_d,0.6528,0.8046,
continuous_recovery_ratio,cohens_d,0.6569,0.7949,
continuous_recovery_ratio,cohens_d,0.6610,0.7854,
continuous_recovery_ratio,cohens_d,0.6651,0.7760,
continuous_recovery_ratio,cohens_d,0.6692,0.7668,
continuous_recovery_ratio,cohens_d,0.6733,0.7578,
continuous_recovery_ratio,cohens_d,0.6774,0.7489,
continuous_recovery_ratio,cohens_d,0.6814,0.7402,
continuous_recovery_ratio,cohens_d,0.6855,0.7317,
continuous_recovery_ratio,cohens_d,0.6896,0.7233,
continuous_recovery_ratio,cohens_d,0.6937,0.7151,
continuous_recovery_ratio,cohens_d,0.6978,0.7070,
continuous_recovery_ratio,cohens_d,0.7019,0.6990,
continuous_recovery_ratio,cohens_d,0.7060,0.6912,
continuous_recovery_ratio,cohens_d,0.7101,0.6835,
continuous_recovery_ratio,cohens_d,0.7142,0.6759,
continuous_recovery_ratio,cohens_d,0.7182,0.6685,
continuous_recovery_ratio,cohens_d,0.7223,0.6612,
continuous_recovery_ratio,cohens_d,0.7264,0.6540,
continuous_recovery_ratio,cohens_d,0.7305,0.6470,
continuous_recovery_ratio,cohens_d,0.7346,0.6400,
continuous_recovery_ratio,cohens_d,0.7387,0.6332,
continuous_recovery_ratio,cohens_d,0.7428,0.6265,
continuous_recovery_ratio,cohens_d,0.7469,0.6199,
continuous_recovery_ratio,cohens_d,0.7509,0.6134,
continuous_recovery_ratio,cohens_d,0.7550,0.6070,
continuous_recovery_ratio,cohens_d,0.7591,0.6007,
continuous_recovery_ratio,cohens_d,0.7632,0.5945,
continuous_recovery_ratio,cohens_d,0.7673,0.5884,
continuous_recovery_ratio,cohens_d,0.7714,0.5825,
continuous_recovery_ratio,cohens_d,0.7755,0.5766,
continuous_recovery_ratio,cohens_d,0.7796,0.5708,
continuous_recovery_ratio,cohens_d,0.7836,0.5651,
continuous_recovery_ratio,cohens_d,0.7877,0.5594,
continuous_recovery_ratio,cohens_d,0.7918,0.5539,
continuous_recovery_ratio,cohens_d,0.7959,0.5484,
continuous_recovery_ratio,cohens_d,0.8000,0.5431,
